<?xml version="1.0" encoding="UTF-8"?>
<project-private xmlns="http://www.netbeans.org/ns/project-private/1">
    <editor-bookmarks xmlns="http://www.netbeans.org/ns/editor-bookmarks/2" lastBookmarkId="0"/>
    <open-files xmlns="http://www.netbeans.org/ns/projectui-open-files/2">
        <group>
            <file>file:/C:/xampp/htdocs/PhpProject1/DBConnection.php</file>
            <file>file:/C:/xampp/htdocs/PhpProject1/css/Post.css</file>
            <file>file:/C:/xampp/htdocs/PhpProject1/Messages.php</file>
            <file>file:/C:/xampp/htdocs/PhpProject1/comments.php</file>
            <file>file:/C:/xampp/htdocs/PhpProject1/upload.php</file>
            <file>file:/C:/xampp/htdocs/PhpProject1/index.php</file>
            <file>file:/C:/xampp/htdocs/PhpProject1/Post.php</file>
            <file>file:/C:/xampp/htdocs/PhpProject1/login.php</file>
            <file>file:/C:/xampp/htdocs/PhpProject1/Friends.php</file>
            <file>file:/C:/xampp/htdocs/PhpProject1/ProfileEditor.php</file>
            <file>file:/C:/xampp/htdocs/PhpProject1/action_form.php</file>
            <file>file:/C:/xampp/htdocs/PhpProject1/AdminPanel.php</file>
        </group>
    </open-files>
</project-private>
